{"v":"5.5.7","meta":{"g":"LottieFiles AE 0.1.20","a":"","k":"","d":"","tc":""},"fr":29.9700012207031,"ip":0,"op":80.0000032584668,"w":1920,"h":1080,"nm":"TEXT","ddd":0,"assets":[{"id":"comp_0","layers":[{"ddd":0,"ind":1,"ty":4,"nm":"Shape Layer 3","sr":1,"ks":{"o":{"a":1,"k":[{"i":{"x":[0.833],"y":[0.833]},"o":{"x":[0.167],"y":[0.167]},"t":0,"s":[100]},{"t":91.000003706506,"s":[0]}],"ix":11},"r":{"a":0,"k":0,"ix":10},"p":{"a":0,"k":[276.063,838,0],"ix":2},"a":{"a":0,"k":[0.063,-33,0],"ix":1},"s":{"a":0,"k":[70,70,100],"ix":6}},"ao":0,"ef":[{"ty":5,"nm":"Hue/Saturation","np":11,"mn":"ADBE HUE SATURATION","ix":1,"en":1,"ef":[{"ty":7,"nm":"Channel Control","mn":"ADBE HUE SATURATION-0002","ix":1,"v":{"a":0,"k":1,"ix":1}},{},{"ty":0,"nm":"Master Hue","mn":"ADBE HUE SATURATION-0004","ix":3,"v":{"a":0,"k":0,"ix":3}},{"ty":0,"nm":"Master Saturation","mn":"ADBE HUE SATURATION-0005","ix":4,"v":{"a":0,"k":0,"ix":4}},{"ty":0,"nm":"Master Lightness","mn":"ADBE HUE SATURATION-0006","ix":5,"v":{"a":0,"k":0,"ix":5}},{"ty":7,"nm":"Colorize","mn":"ADBE HUE SATURATION-0007","ix":6,"v":{"a":0,"k":0,"ix":6}},{"ty":0,"nm":"Colorize Hue","mn":"ADBE HUE SATURATION-0008","ix":7,"v":{"a":0,"k":0,"ix":7}},{"ty":0,"nm":"Colorize Saturation","mn":"ADBE HUE SATURATION-0009","ix":8,"v":{"a":0,"k":25,"ix":8}},{"ty":0,"nm":"Colorize Lightness","mn":"ADBE HUE SATURATION-0010","ix":9,"v":{"a":0,"k":0,"ix":9}}]},{"ty":5,"nm":"Hue/Saturation 2","np":11,"mn":"ADBE HUE SATURATION","ix":2,"en":1,"ef":[{"ty":7,"nm":"Channel Control","mn":"ADBE HUE SATURATION-0002","ix":1,"v":{"a":0,"k":1,"ix":1}},{},{"ty":0,"nm":"Master Hue","mn":"ADBE HUE SATURATION-0004","ix":3,"v":{"a":0,"k":188,"ix":3}},{"ty":0,"nm":"Master Saturation","mn":"ADBE HUE SATURATION-0005","ix":4,"v":{"a":0,"k":0,"ix":4}},{"ty":0,"nm":"Master Lightness","mn":"ADBE HUE SATURATION-0006","ix":5,"v":{"a":0,"k":0,"ix":5}},{"ty":7,"nm":"Colorize","mn":"ADBE HUE SATURATION-0007","ix":6,"v":{"a":0,"k":0,"ix":6}},{"ty":0,"nm":"Colorize Hue","mn":"ADBE HUE SATURATION-0008","ix":7,"v":{"a":0,"k":0,"ix":7}},{"ty":0,"nm":"Colorize Saturation","mn":"ADBE HUE SATURATION-0009","ix":8,"v":{"a":0,"k":25,"ix":8}},{"ty":0,"nm":"Colorize Lightness","mn":"ADBE HUE SATURATION-0010","ix":9,"v":{"a":0,"k":0,"ix":9}}]},{"ty":5,"nm":"Hue/Saturation 3","np":11,"mn":"ADBE HUE SATURATION","ix":3,"en":1,"ef":[{"ty":7,"nm":"Channel Control","mn":"ADBE HUE SATURATION-0002","ix":1,"v":{"a":0,"k":1,"ix":1}},{},{"ty":0,"nm":"Master Hue","mn":"ADBE HUE SATURATION-0004","ix":3,"v":{"a":0,"k":171,"ix":3}},{"ty":0,"nm":"Master Saturation","mn":"ADBE HUE SATURATION-0005","ix":4,"v":{"a":0,"k":0,"ix":4}},{"ty":0,"nm":"Master Lightness","mn":"ADBE HUE SATURATION-0006","ix":5,"v":{"a":0,"k":0,"ix":5}},{"ty":7,"nm":"Colorize","mn":"ADBE HUE SATURATION-0007","ix":6,"v":{"a":0,"k":0,"ix":6}},{"ty":0,"nm":"Colorize Hue","mn":"ADBE HUE SATURATION-0008","ix":7,"v":{"a":0,"k":0,"ix":7}},{"ty":0,"nm":"Colorize Saturation","mn":"ADBE HUE SATURATION-0009","ix":8,"v":{"a":0,"k":25,"ix":8}},{"ty":0,"nm":"Colorize Lightness","mn":"ADBE HUE SATURATION-0010","ix":9,"v":{"a":0,"k":0,"ix":9}}]}],"shapes":[{"ty":"gr","it":[{"ty":"gr","it":[{"ind":0,"ty":"sh","ix":1,"ks":{"a":0,"k":{"i":[[0,0],[0,0]],"o":[[0,0],[0,0]],"v":[[0.125,0],[0,-66]],"c":false},"ix":2},"nm":"Path 1","mn":"ADBE Vector Shape - Group","hd":false},{"ty":"st","c":{"a":0,"k":[0.658823649089,0,1,1],"ix":3},"o":{"a":0,"k":100,"ix":4},"w":{"a":0,"k":2,"ix":5},"lc":1,"lj":1,"ml":4,"bm":0,"nm":"Stroke 2","mn":"ADBE Vector Graphic - Stroke","hd":false},{"ty":"tr","p":{"a":1,"k":[{"i":{"x":0.833,"y":0.833},"o":{"x":0.167,"y":0.167},"t":55,"s":[0,73],"to":[0,17.982],"ti":[0,-43.705]},{"i":{"x":0.833,"y":0.833},"o":{"x":0.167,"y":0.167},"t":66,"s":[0,306.835],"to":[0,67.691],"ti":[0,-27.851]},{"t":85.000003462121,"s":[0,348]}],"ix":2},"a":{"a":0,"k":[0,0],"ix":1},"s":{"a":0,"k":[59,59],"ix":3},"r":{"a":0,"k":0,"ix":6},"o":{"a":1,"k":[{"i":{"x":[0.833],"y":[0.833]},"o":{"x":[0.167],"y":[0.167]},"t":55,"s":[0]},{"i":{"x":[0.833],"y":[0.833]},"o":{"x":[0.167],"y":[0.167]},"t":57,"s":[80]},{"i":{"x":[0.833],"y":[0.833]},"o":{"x":[0.167],"y":[0.167]},"t":58,"s":[100]},{"i":{"x":[0.833],"y":[0.833]},"o":{"x":[0.167],"y":[0.167]},"t":82,"s":[100]},{"t":86.0000035028518,"s":[9]}],"ix":7},"sk":{"a":0,"k":0,"ix":4},"sa":{"a":0,"k":0,"ix":5},"nm":"Transform"}],"nm":"Shape 1","np":3,"cix":2,"bm":0,"ix":1,"mn":"ADBE Vector Group","hd":false},{"ty":"rp","c":{"a":0,"k":24,"ix":1},"o":{"a":0,"k":0,"ix":2},"m":1,"ix":2,"tr":{"ty":"tr","p":{"a":0,"k":[0,0],"ix":2},"a":{"a":0,"k":[0,0],"ix":1},"s":{"a":0,"k":[100,100],"ix":3},"r":{"a":0,"k":15,"ix":4},"so":{"a":0,"k":100,"ix":5},"eo":{"a":0,"k":100,"ix":6},"nm":"Transform"},"nm":"Repeater 1","mn":"ADBE Vector Filter - Repeater","hd":false},{"ty":"tr","p":{"a":0,"k":[0,0],"ix":2},"a":{"a":0,"k":[0,0],"ix":1},"s":{"a":0,"k":[73,73],"ix":3},"r":{"a":0,"k":10,"ix":6},"o":{"a":0,"k":100,"ix":7},"sk":{"a":0,"k":0,"ix":4},"sa":{"a":0,"k":0,"ix":5},"nm":"Transform"}],"nm":"Group 3","np":2,"cix":2,"bm":0,"ix":1,"mn":"ADBE Vector Group","hd":false},{"ty":"gr","it":[{"ty":"gr","it":[{"ind":0,"ty":"sh","ix":1,"ks":{"a":0,"k":{"i":[[0,0],[0,0]],"o":[[0,0],[0,0]],"v":[[0.125,0],[0,-66]],"c":false},"ix":2},"nm":"Path 1","mn":"ADBE Vector Shape - Group","hd":false},{"ty":"st","c":{"a":0,"k":[0.423529561361,0,1,1],"ix":3},"o":{"a":0,"k":100,"ix":4},"w":{"a":0,"k":2,"ix":5},"lc":1,"lj":1,"ml":4,"bm":0,"nm":"Stroke 2","mn":"ADBE Vector Graphic - Stroke","hd":false},{"ty":"st","c":{"a":0,"k":[0.423529561361,0,1,1],"ix":3},"o":{"a":0,"k":100,"ix":4},"w":{"a":0,"k":10,"ix":5},"lc":1,"lj":1,"ml":4,"bm":0,"nm":"Stroke 1","mn":"ADBE Vector Graphic - Stroke","hd":false},{"ty":"tr","p":{"a":1,"k":[{"i":{"x":0.833,"y":0.833},"o":{"x":0.167,"y":0.167},"t":47,"s":[0,73],"to":[0,27.851],"ti":[0,-67.691]},{"i":{"x":0.833,"y":0.833},"o":{"x":0.167,"y":0.167},"t":66,"s":[0,223.165],"to":[0,43.705],"ti":[0,-17.982]},{"t":77.0000031362743,"s":[0,348]}],"ix":2},"a":{"a":0,"k":[0,0],"ix":1},"s":{"a":0,"k":[59,59],"ix":3},"r":{"a":0,"k":0,"ix":6},"o":{"a":1,"k":[{"i":{"x":[0.833],"y":[0.833]},"o":{"x":[0.167],"y":[0.167]},"t":47,"s":[0]},{"i":{"x":[0.833],"y":[0.833]},"o":{"x":[0.167],"y":[0.167]},"t":49,"s":[80]},{"i":{"x":[0.833],"y":[0.833]},"o":{"x":[0.167],"y":[0.167]},"t":50,"s":[100]},{"i":{"x":[0.833],"y":[0.833]},"o":{"x":[0.167],"y":[0.167]},"t":74,"s":[100]},{"t":78.0000031770051,"s":[9]}],"ix":7},"sk":{"a":0,"k":0,"ix":4},"sa":{"a":0,"k":0,"ix":5},"nm":"Transform"}],"nm":"Shape 1","np":4,"cix":2,"bm":0,"ix":1,"mn":"ADBE Vector Group","hd":false},{"ty":"rp","c":{"a":0,"k":12,"ix":1},"o":{"a":0,"k":0,"ix":2},"m":1,"ix":2,"tr":{"ty":"tr","p":{"a":0,"k":[0,0],"ix":2},"a":{"a":0,"k":[0,0],"ix":1},"s":{"a":0,"k":[100,100],"ix":3},"r":{"a":0,"k":30,"ix":4},"so":{"a":0,"k":100,"ix":5},"eo":{"a":0,"k":100,"ix":6},"nm":"Transform"},"nm":"Repeater 1","mn":"ADBE Vector Filter - Repeater","hd":false},{"ty":"tr","p":{"a":0,"k":[0,0],"ix":2},"a":{"a":0,"k":[0,0],"ix":1},"s":{"a":0,"k":[73,73],"ix":3},"r":{"a":0,"k":10,"ix":6},"o":{"a":0,"k":100,"ix":7},"sk":{"a":0,"k":0,"ix":4},"sa":{"a":0,"k":0,"ix":5},"nm":"Transform"}],"nm":"Group 2","np":2,"cix":2,"bm":0,"ix":2,"mn":"ADBE Vector Group","hd":false},{"ty":"gr","it":[{"ty":"gr","it":[{"ind":0,"ty":"sh","ix":1,"ks":{"a":0,"k":{"i":[[0,0],[0,0]],"o":[[0,0],[0,0]],"v":[[0.125,0],[0,-66]],"c":false},"ix":2},"nm":"Path 1","mn":"ADBE Vector Shape - Group","hd":false},{"ty":"st","c":{"a":0,"k":[1,0,0,1],"ix":3},"o":{"a":0,"k":100,"ix":4},"w":{"a":0,"k":2,"ix":5},"lc":1,"lj":1,"ml":4,"bm":0,"nm":"Stroke 2","mn":"ADBE Vector Graphic - Stroke","hd":false},{"ty":"st","c":{"a":0,"k":[1,0,0,1],"ix":3},"o":{"a":0,"k":100,"ix":4},"w":{"a":0,"k":10,"ix":5},"lc":1,"lj":1,"ml":4,"bm":0,"nm":"Stroke 1","mn":"ADBE Vector Graphic - Stroke","hd":false},{"ty":"tr","p":{"a":1,"k":[{"i":{"x":0.833,"y":0.833},"o":{"x":0.167,"y":0.167},"t":42,"s":[0,73],"to":[0,34.51],"ti":[0,-73.027]},{"i":{"x":0.833,"y":0.833},"o":{"x":0.167,"y":0.167},"t":66,"s":[0,323],"to":[0,23.961],"ti":[0,-11.323]},{"t":72.0000029326201,"s":[0,348]}],"ix":2},"a":{"a":0,"k":[0,0],"ix":1},"s":{"a":0,"k":[94,94],"ix":3},"r":{"a":0,"k":0,"ix":6},"o":{"a":1,"k":[{"i":{"x":[0.833],"y":[0.833]},"o":{"x":[0.167],"y":[0.167]},"t":42,"s":[0]},{"i":{"x":[0.833],"y":[0.833]},"o":{"x":[0.167],"y":[0.167]},"t":44,"s":[80]},{"i":{"x":[0.833],"y":[0.833]},"o":{"x":[0.167],"y":[0.167]},"t":45,"s":[100]},{"i":{"x":[0.833],"y":[0.833]},"o":{"x":[0.167],"y":[0.167]},"t":69,"s":[100]},{"t":73.000002973351,"s":[9]}],"ix":7},"sk":{"a":0,"k":0,"ix":4},"sa":{"a":0,"k":0,"ix":5},"nm":"Transform"}],"nm":"Shape 1","np":4,"cix":2,"bm":0,"ix":1,"mn":"ADBE Vector Group","hd":false},{"ty":"rp","c":{"a":0,"k":8,"ix":1},"o":{"a":0,"k":0,"ix":2},"m":1,"ix":2,"tr":{"ty":"tr","p":{"a":0,"k":[0,0],"ix":2},"a":{"a":0,"k":[0,0],"ix":1},"s":{"a":0,"k":[100,100],"ix":3},"r":{"a":0,"k":45,"ix":4},"so":{"a":0,"k":100,"ix":5},"eo":{"a":0,"k":100,"ix":6},"nm":"Transform"},"nm":"Repeater 1","mn":"ADBE Vector Filter - Repeater","hd":false},{"ty":"tr","p":{"a":0,"k":[0,0],"ix":2},"a":{"a":0,"k":[0,0],"ix":1},"s":{"a":0,"k":[100,100],"ix":3},"r":{"a":0,"k":0,"ix":6},"o":{"a":0,"k":100,"ix":7},"sk":{"a":0,"k":0,"ix":4},"sa":{"a":0,"k":0,"ix":5},"nm":"Transform"}],"nm":"Group 1","np":2,"cix":2,"bm":0,"ix":3,"mn":"ADBE Vector Group","hd":false}],"ip":0,"op":300.00001221925,"st":0,"bm":0},{"ddd":0,"ind":2,"ty":4,"nm":"Shape Layer 2","sr":1,"ks":{"o":{"a":1,"k":[{"i":{"x":[0.833],"y":[0.833]},"o":{"x":[0.167],"y":[0.167]},"t":0,"s":[100]},{"t":91.000003706506,"s":[0]}],"ix":11},"r":{"a":0,"k":0,"ix":10},"p":{"a":0,"k":[1495.063,359,0],"ix":2},"a":{"a":0,"k":[0.063,-33,0],"ix":1},"s":{"a":0,"k":[70,70,100],"ix":6}},"ao":0,"ef":[{"ty":5,"nm":"Hue/Saturation","np":11,"mn":"ADBE HUE SATURATION","ix":1,"en":1,"ef":[{"ty":7,"nm":"Channel Control","mn":"ADBE HUE SATURATION-0002","ix":1,"v":{"a":0,"k":1,"ix":1}},{},{"ty":0,"nm":"Master Hue","mn":"ADBE HUE SATURATION-0004","ix":3,"v":{"a":0,"k":82,"ix":3}},{"ty":0,"nm":"Master Saturation","mn":"ADBE HUE SATURATION-0005","ix":4,"v":{"a":0,"k":0,"ix":4}},{"ty":0,"nm":"Master Lightness","mn":"ADBE HUE SATURATION-0006","ix":5,"v":{"a":0,"k":0,"ix":5}},{"ty":7,"nm":"Colorize","mn":"ADBE HUE SATURATION-0007","ix":6,"v":{"a":0,"k":0,"ix":6}},{"ty":0,"nm":"Colorize Hue","mn":"ADBE HUE SATURATION-0008","ix":7,"v":{"a":0,"k":0,"ix":7}},{"ty":0,"nm":"Colorize Saturation","mn":"ADBE HUE SATURATION-0009","ix":8,"v":{"a":0,"k":25,"ix":8}},{"ty":0,"nm":"Colorize Lightness","mn":"ADBE HUE SATURATION-0010","ix":9,"v":{"a":0,"k":0,"ix":9}}]},{"ty":5,"nm":"Hue/Saturation 2","np":11,"mn":"ADBE HUE SATURATION","ix":2,"en":1,"ef":[{"ty":7,"nm":"Channel Control","mn":"ADBE HUE SATURATION-0002","ix":1,"v":{"a":0,"k":1,"ix":1}},{},{"ty":0,"nm":"Master Hue","mn":"ADBE HUE SATURATION-0004","ix":3,"v":{"a":0,"k":128,"ix":3}},{"ty":0,"nm":"Master Saturation","mn":"ADBE HUE SATURATION-0005","ix":4,"v":{"a":0,"k":0,"ix":4}},{"ty":0,"nm":"Master Lightness","mn":"ADBE HUE SATURATION-0006","ix":5,"v":{"a":0,"k":0,"ix":5}},{"ty":7,"nm":"Colorize","mn":"ADBE HUE SATURATION-0007","ix":6,"v":{"a":0,"k":0,"ix":6}},{"ty":0,"nm":"Colorize Hue","mn":"ADBE HUE SATURATION-0008","ix":7,"v":{"a":0,"k":0,"ix":7}},{"ty":0,"nm":"Colorize Saturation","mn":"ADBE HUE SATURATION-0009","ix":8,"v":{"a":0,"k":25,"ix":8}},{"ty":0,"nm":"Colorize Lightness","mn":"ADBE HUE SATURATION-0010","ix":9,"v":{"a":0,"k":0,"ix":9}}]}],"shapes":[{"ty":"gr","it":[{"ty":"gr","it":[{"ind":0,"ty":"sh","ix":1,"ks":{"a":0,"k":{"i":[[0,0],[0,0]],"o":[[0,0],[0,0]],"v":[[0.125,0],[0,-66]],"c":false},"ix":2},"nm":"Path 1","mn":"ADBE Vector Shape - Group","hd":false},{"ty":"st","c":{"a":0,"k":[0.917647302151,0,1,1],"ix":3},"o":{"a":0,"k":100,"ix":4},"w":{"a":0,"k":10,"ix":5},"lc":1,"lj":1,"ml":4,"bm":0,"nm":"Stroke 1","mn":"ADBE Vector Graphic - Stroke","hd":false},{"ty":"tr","p":{"a":1,"k":[{"i":{"x":0.833,"y":0.833},"o":{"x":0.167,"y":0.167},"t":39,"s":[0,73],"to":[0,17.982],"ti":[0,-43.705]},{"i":{"x":0.833,"y":0.833},"o":{"x":0.167,"y":0.167},"t":50,"s":[0,306.835],"to":[0,67.691],"ti":[0,-27.851]},{"t":69.0000028104276,"s":[0,348]}],"ix":2},"a":{"a":0,"k":[0,0],"ix":1},"s":{"a":0,"k":[59,59],"ix":3},"r":{"a":0,"k":0,"ix":6},"o":{"a":1,"k":[{"i":{"x":[0.833],"y":[0.833]},"o":{"x":[0.167],"y":[0.167]},"t":39,"s":[0]},{"i":{"x":[0.833],"y":[0.833]},"o":{"x":[0.167],"y":[0.167]},"t":41,"s":[80]},{"i":{"x":[0.833],"y":[0.833]},"o":{"x":[0.167],"y":[0.167]},"t":42,"s":[100]},{"i":{"x":[0.833],"y":[0.833]},"o":{"x":[0.167],"y":[0.167]},"t":66,"s":[100]},{"t":70.0000028511585,"s":[9]}],"ix":7},"sk":{"a":0,"k":0,"ix":4},"sa":{"a":0,"k":0,"ix":5},"nm":"Transform"}],"nm":"Shape 1","np":3,"cix":2,"bm":0,"ix":1,"mn":"ADBE Vector Group","hd":false},{"ty":"rp","c":{"a":0,"k":24,"ix":1},"o":{"a":0,"k":0,"ix":2},"m":1,"ix":2,"tr":{"ty":"tr","p":{"a":0,"k":[0,0],"ix":2},"a":{"a":0,"k":[0,0],"ix":1},"s":{"a":0,"k":[100,100],"ix":3},"r":{"a":0,"k":15,"ix":4},"so":{"a":0,"k":100,"ix":5},"eo":{"a":0,"k":100,"ix":6},"nm":"Transform"},"nm":"Repeater 1","mn":"ADBE Vector Filter - Repeater","hd":false},{"ty":"tr","p":{"a":0,"k":[0,0],"ix":2},"a":{"a":0,"k":[0,0],"ix":1},"s":{"a":0,"k":[73,73],"ix":3},"r":{"a":0,"k":10,"ix":6},"o":{"a":0,"k":100,"ix":7},"sk":{"a":0,"k":0,"ix":4},"sa":{"a":0,"k":0,"ix":5},"nm":"Transform"}],"nm":"Group 3","np":2,"cix":2,"bm":0,"ix":1,"mn":"ADBE Vector Group","hd":false},{"ty":"gr","it":[{"ty":"gr","it":[{"ind":0,"ty":"sh","ix":1,"ks":{"a":0,"k":{"i":[[0,0],[0,0]],"o":[[0,0],[0,0]],"v":[[0.125,0],[0,-66]],"c":false},"ix":2},"nm":"Path 1","mn":"ADBE Vector Shape - Group","hd":false},{"ty":"st","c":{"a":0,"k":[0,1,0.070588305593,1],"ix":3},"o":{"a":0,"k":100,"ix":4},"w":{"a":0,"k":10,"ix":5},"lc":1,"lj":1,"ml":4,"bm":0,"nm":"Stroke 1","mn":"ADBE Vector Graphic - Stroke","hd":false},{"ty":"tr","p":{"a":1,"k":[{"i":{"x":0.833,"y":0.833},"o":{"x":0.167,"y":0.167},"t":31,"s":[0,73],"to":[0,27.851],"ti":[0,-67.691]},{"i":{"x":0.833,"y":0.833},"o":{"x":0.167,"y":0.167},"t":50,"s":[0,223.165],"to":[0,43.705],"ti":[0,-17.982]},{"t":61.0000024845809,"s":[0,348]}],"ix":2},"a":{"a":0,"k":[0,0],"ix":1},"s":{"a":0,"k":[59,59],"ix":3},"r":{"a":0,"k":0,"ix":6},"o":{"a":1,"k":[{"i":{"x":[0.833],"y":[0.833]},"o":{"x":[0.167],"y":[0.167]},"t":31,"s":[0]},{"i":{"x":[0.833],"y":[0.833]},"o":{"x":[0.167],"y":[0.167]},"t":33,"s":[80]},{"i":{"x":[0.833],"y":[0.833]},"o":{"x":[0.167],"y":[0.167]},"t":34,"s":[100]},{"i":{"x":[0.833],"y":[0.833]},"o":{"x":[0.167],"y":[0.167]},"t":58,"s":[100]},{"t":62.0000025253118,"s":[9]}],"ix":7},"sk":{"a":0,"k":0,"ix":4},"sa":{"a":0,"k":0,"ix":5},"nm":"Transform"}],"nm":"Shape 1","np":3,"cix":2,"bm":0,"ix":1,"mn":"ADBE Vector Group","hd":false},{"ty":"rp","c":{"a":0,"k":12,"ix":1},"o":{"a":0,"k":0,"ix":2},"m":1,"ix":2,"tr":{"ty":"tr","p":{"a":0,"k":[0,0],"ix":2},"a":{"a":0,"k":[0,0],"ix":1},"s":{"a":0,"k":[100,100],"ix":3},"r":{"a":0,"k":30,"ix":4},"so":{"a":0,"k":100,"ix":5},"eo":{"a":0,"k":100,"ix":6},"nm":"Transform"},"nm":"Repeater 1","mn":"ADBE Vector Filter - Repeater","hd":false},{"ty":"tr","p":{"a":0,"k":[0,0],"ix":2},"a":{"a":0,"k":[0,0],"ix":1},"s":{"a":0,"k":[73,73],"ix":3},"r":{"a":0,"k":10,"ix":6},"o":{"a":0,"k":100,"ix":7},"sk":{"a":0,"k":0,"ix":4},"sa":{"a":0,"k":0,"ix":5},"nm":"Transform"}],"nm":"Group 2","np":2,"cix":2,"bm":0,"ix":2,"mn":"ADBE Vector Group","hd":false},{"ty":"gr","it":[{"ty":"gr","it":[{"ind":0,"ty":"sh","ix":1,"ks":{"a":0,"k":{"i":[[0,0],[0,0]],"o":[[0,0],[0,0]],"v":[[0.125,0],[0,-66]],"c":false},"ix":2},"nm":"Path 1","mn":"ADBE Vector Shape - Group","hd":false},{"ty":"st","c":{"a":0,"k":[1,0,0.329411834478,1],"ix":3},"o":{"a":0,"k":100,"ix":4},"w":{"a":0,"k":10,"ix":5},"lc":1,"lj":1,"ml":4,"bm":0,"nm":"Stroke 1","mn":"ADBE Vector Graphic - Stroke","hd":false},{"ty":"tr","p":{"a":1,"k":[{"i":{"x":0.833,"y":0.833},"o":{"x":0.167,"y":0.167},"t":26,"s":[0,73],"to":[0,34.51],"ti":[0,-73.027]},{"i":{"x":0.833,"y":0.833},"o":{"x":0.167,"y":0.167},"t":50,"s":[0,323],"to":[0,23.961],"ti":[0,-11.323]},{"t":56.0000022809268,"s":[0,348]}],"ix":2},"a":{"a":0,"k":[0,0],"ix":1},"s":{"a":0,"k":[94,94],"ix":3},"r":{"a":0,"k":0,"ix":6},"o":{"a":1,"k":[{"i":{"x":[0.833],"y":[0.833]},"o":{"x":[0.167],"y":[0.167]},"t":26,"s":[0]},{"i":{"x":[0.833],"y":[0.833]},"o":{"x":[0.167],"y":[0.167]},"t":28,"s":[80]},{"i":{"x":[0.833],"y":[0.833]},"o":{"x":[0.167],"y":[0.167]},"t":29,"s":[100]},{"i":{"x":[0.833],"y":[0.833]},"o":{"x":[0.167],"y":[0.167]},"t":53,"s":[100]},{"t":57.0000023216576,"s":[9]}],"ix":7},"sk":{"a":0,"k":0,"ix":4},"sa":{"a":0,"k":0,"ix":5},"nm":"Transform"}],"nm":"Shape 1","np":3,"cix":2,"bm":0,"ix":1,"mn":"ADBE Vector Group","hd":false},{"ty":"rp","c":{"a":0,"k":8,"ix":1},"o":{"a":0,"k":0,"ix":2},"m":1,"ix":2,"tr":{"ty":"tr","p":{"a":0,"k":[0,0],"ix":2},"a":{"a":0,"k":[0,0],"ix":1},"s":{"a":0,"k":[100,100],"ix":3},"r":{"a":0,"k":45,"ix":4},"so":{"a":0,"k":100,"ix":5},"eo":{"a":0,"k":100,"ix":6},"nm":"Transform"},"nm":"Repeater 1","mn":"ADBE Vector Filter - Repeater","hd":false},{"ty":"tr","p":{"a":0,"k":[0,0],"ix":2},"a":{"a":0,"k":[0,0],"ix":1},"s":{"a":0,"k":[100,100],"ix":3},"r":{"a":0,"k":0,"ix":6},"o":{"a":0,"k":100,"ix":7},"sk":{"a":0,"k":0,"ix":4},"sa":{"a":0,"k":0,"ix":5},"nm":"Transform"}],"nm":"Group 1","np":2,"cix":2,"bm":0,"ix":3,"mn":"ADBE Vector Group","hd":false}],"ip":0,"op":300.00001221925,"st":0,"bm":0},{"ddd":0,"ind":3,"ty":4,"nm":"Shape Layer 1","sr":1,"ks":{"o":{"a":1,"k":[{"i":{"x":[0.833],"y":[0.833]},"o":{"x":[0.167],"y":[0.167]},"t":0,"s":[100]},{"t":91.000003706506,"s":[0]}],"ix":11},"r":{"a":0,"k":0,"ix":10},"p":{"a":0,"k":[960.063,507,0],"ix":2},"a":{"a":0,"k":[0.063,-33,0],"ix":1},"s":{"a":0,"k":[100,100,100],"ix":6}},"ao":0,"shapes":[{"ty":"gr","it":[{"ty":"gr","it":[{"ind":0,"ty":"sh","ix":1,"ks":{"a":0,"k":{"i":[[0,0],[0,0]],"o":[[0,0],[0,0]],"v":[[0.125,0],[0,-66]],"c":false},"ix":2},"nm":"Path 1","mn":"ADBE Vector Shape - Group","hd":false},{"ty":"st","c":{"a":0,"k":[0.952941176471,0.45591693953,0.900315108954,1],"ix":3},"o":{"a":0,"k":100,"ix":4},"w":{"a":0,"k":10,"ix":5},"lc":1,"lj":1,"ml":4,"bm":0,"nm":"Stroke 1","mn":"ADBE Vector Graphic - Stroke","hd":false},{"ty":"tr","p":{"a":1,"k":[{"i":{"x":0.667,"y":1},"o":{"x":0.333,"y":0},"t":13,"s":[0,73],"to":[0,17.982],"ti":[0,-43.705]},{"i":{"x":0.667,"y":1},"o":{"x":0.333,"y":0},"t":24,"s":[0,306.835],"to":[0,67.691],"ti":[0,-27.851]},{"t":43.0000017514259,"s":[0,348]}],"ix":2},"a":{"a":0,"k":[0,0],"ix":1},"s":{"a":0,"k":[59,59],"ix":3},"r":{"a":0,"k":0,"ix":6},"o":{"a":1,"k":[{"i":{"x":[0],"y":[1.209]},"o":{"x":[0.333],"y":[0]},"t":13,"s":[0]},{"i":{"x":[0],"y":[1.419]},"o":{"x":[0.333],"y":[0]},"t":15,"s":[80]},{"i":{"x":[0.464],"y":[1]},"o":{"x":[0.333],"y":[0]},"t":16,"s":[100]},{"i":{"x":[0],"y":[1]},"o":{"x":[0.333],"y":[0]},"t":40,"s":[100]},{"t":44.0000017921567,"s":[9]}],"ix":7},"sk":{"a":0,"k":0,"ix":4},"sa":{"a":0,"k":0,"ix":5},"nm":"Transform"}],"nm":"Shape 1","np":3,"cix":2,"bm":0,"ix":1,"mn":"ADBE Vector Group","hd":false},{"ty":"rp","c":{"a":0,"k":24,"ix":1},"o":{"a":0,"k":0,"ix":2},"m":1,"ix":2,"tr":{"ty":"tr","p":{"a":0,"k":[0,0],"ix":2},"a":{"a":0,"k":[0,0],"ix":1},"s":{"a":0,"k":[100,100],"ix":3},"r":{"a":0,"k":15,"ix":4},"so":{"a":0,"k":100,"ix":5},"eo":{"a":0,"k":100,"ix":6},"nm":"Transform"},"nm":"Repeater 1","mn":"ADBE Vector Filter - Repeater","hd":false},{"ty":"tr","p":{"a":0,"k":[0,0],"ix":2},"a":{"a":0,"k":[0,0],"ix":1},"s":{"a":0,"k":[73,73],"ix":3},"r":{"a":0,"k":10,"ix":6},"o":{"a":0,"k":100,"ix":7},"sk":{"a":0,"k":0,"ix":4},"sa":{"a":0,"k":0,"ix":5},"nm":"Transform"}],"nm":"Group 3","np":2,"cix":2,"bm":0,"ix":1,"mn":"ADBE Vector Group","hd":false},{"ty":"gr","it":[{"ty":"gr","it":[{"ind":0,"ty":"sh","ix":1,"ks":{"a":0,"k":{"i":[[0,0],[0,0]],"o":[[0,0],[0,0]],"v":[[0.125,0],[0,-66]],"c":false},"ix":2},"nm":"Path 1","mn":"ADBE Vector Shape - Group","hd":false},{"ty":"st","c":{"a":0,"k":[0.431633982939,0.861548629462,0.866666666667,1],"ix":3},"o":{"a":0,"k":100,"ix":4},"w":{"a":0,"k":10,"ix":5},"lc":1,"lj":1,"ml":4,"bm":0,"nm":"Stroke 1","mn":"ADBE Vector Graphic - Stroke","hd":false},{"ty":"tr","p":{"a":1,"k":[{"i":{"x":0.667,"y":1},"o":{"x":0.333,"y":0},"t":5,"s":[0,73],"to":[0,27.851],"ti":[0,-67.691]},{"i":{"x":0.667,"y":1},"o":{"x":0.333,"y":0},"t":24,"s":[0,223.165],"to":[0,43.705],"ti":[0,-17.982]},{"t":35.0000014255792,"s":[0,348]}],"ix":2},"a":{"a":0,"k":[0,0],"ix":1},"s":{"a":0,"k":[59,59],"ix":3},"r":{"a":0,"k":0,"ix":6},"o":{"a":1,"k":[{"i":{"x":[0],"y":[1]},"o":{"x":[0.333],"y":[0]},"t":5,"s":[0]},{"i":{"x":[0],"y":[1]},"o":{"x":[0.333],"y":[0]},"t":7,"s":[80]},{"i":{"x":[0.667],"y":[1]},"o":{"x":[0.333],"y":[0]},"t":8,"s":[100]},{"i":{"x":[0],"y":[0.946]},"o":{"x":[0.333],"y":[0]},"t":32,"s":[100]},{"t":36.0000014663101,"s":[9]}],"ix":7},"sk":{"a":0,"k":0,"ix":4},"sa":{"a":0,"k":0,"ix":5},"nm":"Transform"}],"nm":"Shape 1","np":3,"cix":2,"bm":0,"ix":1,"mn":"ADBE Vector Group","hd":false},{"ty":"rp","c":{"a":0,"k":12,"ix":1},"o":{"a":0,"k":0,"ix":2},"m":1,"ix":2,"tr":{"ty":"tr","p":{"a":0,"k":[0,0],"ix":2},"a":{"a":0,"k":[0,0],"ix":1},"s":{"a":0,"k":[100,100],"ix":3},"r":{"a":0,"k":30,"ix":4},"so":{"a":0,"k":100,"ix":5},"eo":{"a":0,"k":100,"ix":6},"nm":"Transform"},"nm":"Repeater 1","mn":"ADBE Vector Filter - Repeater","hd":false},{"ty":"tr","p":{"a":0,"k":[0,0],"ix":2},"a":{"a":0,"k":[0,0],"ix":1},"s":{"a":0,"k":[73,73],"ix":3},"r":{"a":0,"k":10,"ix":6},"o":{"a":0,"k":100,"ix":7},"sk":{"a":0,"k":0,"ix":4},"sa":{"a":0,"k":0,"ix":5},"nm":"Transform"}],"nm":"Group 2","np":2,"cix":2,"bm":0,"ix":2,"mn":"ADBE Vector Group","hd":false},{"ty":"gr","it":[{"ty":"gr","it":[{"ind":0,"ty":"sh","ix":1,"ks":{"a":0,"k":{"i":[[0,0],[0,0]],"o":[[0,0],[0,0]],"v":[[0.125,0],[0,-66]],"c":false},"ix":2},"nm":"Path 1","mn":"ADBE Vector Shape - Group","hd":false},{"ty":"st","c":{"a":0,"k":[0.335166990991,0.271648990407,0.721568986481,1],"ix":3},"o":{"a":0,"k":100,"ix":4},"w":{"a":0,"k":10,"ix":5},"lc":1,"lj":1,"ml":4,"bm":0,"nm":"Stroke 1","mn":"ADBE Vector Graphic - Stroke","hd":false},{"ty":"tr","p":{"a":1,"k":[{"i":{"x":0.37,"y":1},"o":{"x":0.333,"y":0},"t":0,"s":[0,73],"to":[0,34.51],"ti":[0,-73.027]},{"i":{"x":0,"y":1},"o":{"x":0,"y":0},"t":24,"s":[0,323],"to":[0,23.961],"ti":[0,-11.323]},{"t":30.0000012219251,"s":[0,348]}],"ix":2},"a":{"a":0,"k":[0,0],"ix":1},"s":{"a":0,"k":[94,94],"ix":3},"r":{"a":0,"k":0,"ix":6},"o":{"a":1,"k":[{"i":{"x":[0],"y":[1]},"o":{"x":[0.333],"y":[0]},"t":0,"s":[0]},{"i":{"x":[0],"y":[1]},"o":{"x":[0.333],"y":[0]},"t":2,"s":[80]},{"i":{"x":[0.451],"y":[102.278]},"o":{"x":[0.15],"y":[0]},"t":3,"s":[100]},{"i":{"x":[0],"y":[0.662]},"o":{"x":[0.333],"y":[0]},"t":27,"s":[100]},{"t":31.0000012626559,"s":[9]}],"ix":7},"sk":{"a":0,"k":0,"ix":4},"sa":{"a":0,"k":0,"ix":5},"nm":"Transform"}],"nm":"Shape 1","np":3,"cix":2,"bm":0,"ix":1,"mn":"ADBE Vector Group","hd":false},{"ty":"rp","c":{"a":0,"k":8,"ix":1},"o":{"a":0,"k":0,"ix":2},"m":1,"ix":2,"tr":{"ty":"tr","p":{"a":0,"k":[0,0],"ix":2},"a":{"a":0,"k":[0,0],"ix":1},"s":{"a":0,"k":[100,100],"ix":3},"r":{"a":0,"k":45,"ix":4},"so":{"a":0,"k":100,"ix":5},"eo":{"a":0,"k":100,"ix":6},"nm":"Transform"},"nm":"Repeater 1","mn":"ADBE Vector Filter - Repeater","hd":false},{"ty":"tr","p":{"a":0,"k":[0,0],"ix":2},"a":{"a":0,"k":[0,0],"ix":1},"s":{"a":0,"k":[100,100],"ix":3},"r":{"a":0,"k":0,"ix":6},"o":{"a":0,"k":100,"ix":7},"sk":{"a":0,"k":0,"ix":4},"sa":{"a":0,"k":0,"ix":5},"nm":"Transform"}],"nm":"Group 1","np":2,"cix":2,"bm":0,"ix":3,"mn":"ADBE Vector Group","hd":false}],"ip":0,"op":300.00001221925,"st":0,"bm":0}]}],"fonts":{"list":[{"fName":"SegoePrint-Bold","fFamily":"Segoe Print","fStyle":"Bold","ascent":84.716796875}]},"layers":[{"ddd":0,"ind":1,"ty":5,"nm":"CONGRATULATION","sr":1,"ks":{"o":{"a":1,"k":[{"i":{"x":[0.833],"y":[0.833]},"o":{"x":[0.167],"y":[0.167]},"t":0,"s":[0]},{"t":30.0000012219251,"s":[100]}],"ix":11},"r":{"a":0,"k":0,"ix":10},"p":{"a":0,"k":[908.501,540,0],"ix":2},"a":{"a":0,"k":[871.746,-60.999,0],"ix":1},"s":{"a":1,"k":[{"i":{"x":[0.833,0.833,0.833],"y":[0.833,0.833,0.833]},"o":{"x":[0.167,0.167,0.167],"y":[0.167,0.167,0.167]},"t":0,"s":[70,70,100]},{"i":{"x":[0.833,0.833,0.833],"y":[0.833,0.833,0.833]},"o":{"x":[0.167,0.167,0.167],"y":[0.167,0.167,0.167]},"t":30,"s":[80,80,100]},{"t":60.0000024438501,"s":[70,70,100]}],"ix":6}},"ao":0,"t":{"d":{"k":[{"s":{"s":190,"f":"SegoePrint-Bold","t":"CONGRATULATION","j":0,"tr":0,"lh":228,"ls":0,"fc":[1,0.729,0]},"t":0}]},"p":{},"m":{"g":1,"a":{"a":0,"k":[0,0],"ix":2}},"a":[]},"ip":0,"op":300.00001221925,"st":0,"bm":0},{"ddd":0,"ind":2,"ty":0,"nm":"Comp 1","refId":"comp_0","sr":1,"ks":{"o":{"a":0,"k":100,"ix":11},"r":{"a":0,"k":0,"ix":10},"p":{"a":0,"k":[960,540,0],"ix":2},"a":{"a":0,"k":[960,540,0],"ix":1},"s":{"a":0,"k":[100,100,100],"ix":6}},"ao":0,"w":1920,"h":1080,"ip":0,"op":300.00001221925,"st":0,"bm":0}],"markers":[],"chars":[{"ch":"C","size":190,"style":"Bold","w":69.73,"data":{"shapes":[{"ty":"gr","it":[{"ind":0,"ty":"sh","ix":1,"ks":{"a":0,"k":{"i":[[3.223,-2.311],[3.76,-1.334],[2.473,0],[2.18,2.605],[0,3.777],[-4.15,7.439],[-5.827,5.013],[-4.688,0],[0,-2.246],[0.52,-1.985],[0,-1.041],[-0.912,-0.879],[-1.237,0],[-1.921,1.172],[-0.586,1.644],[0,3.777],[2.604,2.605],[4.362,0],[7.698,-5.794],[5.208,-9.212],[0,-7.552],[-4.98,-3.873],[-5.925,0],[-7.178,4.378],[0,2.995],[2.473,0]],"o":[[-3.191,2.279],[-3.76,1.335],[-4.199,0],[-2.181,-2.604],[0,-5.696],[4.15,-7.438],[5.827,-5.013],[1.53,0],[0,1.335],[-0.554,1.986],[0,1.498],[0.911,0.879],[1.204,0],[1.92,-1.172],[0.586,-1.643],[0,-3.483],[-2.605,-2.604],[-7.324,0],[-7.699,5.795],[-5.209,9.212],[0,7.422],[4.98,3.873],[6.705,0],[7.178,-4.378],[0,-2.409],[-1.172,0]],"v":[[50,-13.477],[39.575,-8.057],[30.225,-6.055],[20.654,-9.961],[17.383,-19.531],[23.608,-39.233],[38.574,-57.91],[54.346,-65.43],[56.641,-62.061],[55.859,-57.08],[55.029,-52.539],[56.396,-48.975],[59.619,-47.656],[64.307,-49.414],[68.066,-53.638],[68.945,-61.768],[65.039,-70.898],[54.59,-74.805],[32.056,-66.113],[12.695,-43.604],[4.883,-18.457],[12.354,-1.514],[28.711,4.297],[49.536,-2.271],[60.303,-13.33],[56.592,-16.943]],"c":true},"ix":2},"nm":"C","mn":"ADBE Vector Shape - Group","hd":false}],"nm":"C","np":3,"cix":2,"bm":0,"ix":1,"mn":"ADBE Vector Group","hd":false}]},"fFamily":"Segoe Print"},{"ch":"O","size":190,"style":"Bold","w":80.18,"data":{"shapes":[{"ty":"gr","it":[{"ind":0,"ty":"sh","ix":1,"ks":{"a":0,"k":{"i":[[-5.241,2.864],[-5.062,5.241],[-2.654,5.908],[0,4.134],[0.993,2.686],[2.979,2.523],[3.532,1.302],[5.436,0],[6.429,-5.241],[4.069,-8.268],[0,-6.641],[-4.265,-5.289],[-5.502,0]],"o":[[5.241,-2.864],[5.061,-5.241],[2.653,-5.908],[0,-4.688],[-0.993,-2.686],[-2.979,-2.522],[-3.532,-1.302],[-6.999,0],[-6.429,5.241],[-4.07,8.269],[0,5.632],[4.264,5.289],[8.496,0]],"v":[[46.582,-0.928],[62.036,-13.086],[73.608,-29.81],[77.588,-44.873],[76.099,-55.933],[70.142,-63.745],[60.376,-69.482],[46.924,-71.436],[26.782,-63.574],[11.035,-43.311],[4.932,-20.947],[11.328,-4.565],[25.977,3.369]],"c":true},"ix":2},"nm":"O","mn":"ADBE Vector Shape - Group","hd":false},{"ind":1,"ty":"sh","ix":2,"ks":{"a":0,"k":{"i":[[-6.738,9.082],[-6.283,0],[-3.044,-1.35],[-1.27,-2.034],[0,-3.32],[7.649,-8.382],[8.723,0],[2.376,2.67],[0,4.004]],"o":[[6.738,-9.082],[3.483,0],[3.043,1.351],[1.27,2.035],[0,9.408],[-7.65,8.382],[-3.093,0],[-2.377,-2.669],[0,-8.756]],"v":[[27.393,-48.145],[46.924,-61.768],[56.714,-59.741],[63.184,-54.663],[65.088,-46.631],[53.613,-19.946],[29.053,-7.373],[20.85,-11.377],[17.285,-21.387]],"c":true},"ix":2},"nm":"O","mn":"ADBE Vector Shape - Group","hd":false}],"nm":"O","np":5,"cix":2,"bm":0,"ix":1,"mn":"ADBE Vector Group","hd":false}]},"fFamily":"Segoe Print"},{"ch":"N","size":190,"style":"Bold","w":80.62,"data":{"shapes":[{"ty":"gr","it":[{"ind":0,"ty":"sh","ix":1,"ks":{"a":0,"k":{"i":[[0,0],[0,-2.604],[-0.896,-1.091],[-2.116,0],[-1.449,1.53],[-0.228,3.484],[-0.261,1.53],[0,0],[-0.977,4.037],[-7.78,-9.895],[-1.563,-2.702],[-0.912,-1.09],[-0.537,-0.228],[-1.205,0],[-1.254,0.797],[-0.326,0.912],[0,1.888],[0,0],[-1.953,11.784],[-2.051,7.455],[0,1.758],[0.96,1.482],[1.334,0],[1.546,-0.977],[0.163,-2.864],[0.748,-3.906],[1.041,-6.38],[1.237,-5.598],[5.696,9.343],[1.367,5.632],[1.302,0.652],[1.009,0],[1.221,-0.83],[0.276,-0.895],[0.098,-2.473],[2.734,-13.02],[0,0]],"o":[[-1.302,4.883],[0,3.288],[0.895,1.09],[1.334,0],[1.448,-1.53],[0.195,-2.897],[0,0],[2.018,-14.844],[7.194,13.184],[0.748,0.977],[1.009,1.791],[0.911,1.09],[0.537,0.227],[2.018,0],[1.253,-0.797],[0.325,-0.911],[0,0],[0,-1.66],[1.953,-11.784],[0.944,-3.223],[0,-2.213],[-0.961,-1.481],[-1.563,0],[-1.546,0.977],[-0.163,3.027],[-0.912,4.688],[-1.465,8.952],[-4.558,-5.631],[-5.697,-9.342],[-0.879,-3.483],[-1.302,-0.651],[-1.563,0],[-1.221,0.83],[-0.277,0.896],[-0.13,5.144],[0,0],[0,0]],"v":[[8.545,-15.771],[6.592,-4.541],[7.935,2.026],[12.451,3.662],[16.626,1.367],[19.141,-6.152],[19.824,-12.793],[20.41,-17.188],[24.902,-45.508],[47.363,-10.889],[50.83,-5.371],[53.711,-1.05],[55.884,0.928],[58.496,1.27],[63.403,0.073],[65.771,-2.49],[66.26,-6.689],[66.26,-8.35],[69.189,-28.516],[75.195,-57.373],[76.611,-64.844],[75.171,-70.386],[71.729,-72.607],[67.065,-71.143],[64.502,-65.381],[63.135,-54.98],[60.205,-38.379],[56.152,-16.553],[40.771,-39.014],[30.176,-61.475],[26.904,-67.676],[23.438,-68.652],[19.263,-67.407],[17.017,-64.819],[16.455,-59.766],[12.158,-32.52],[8.594,-16.064]],"c":true},"ix":2},"nm":"N","mn":"ADBE Vector Shape - Group","hd":false}],"nm":"N","np":3,"cix":2,"bm":0,"ix":1,"mn":"ADBE Vector Group","hd":false}]},"fFamily":"Segoe Print"},{"ch":"G","size":190,"style":"Bold","w":77.39,"data":{"shapes":[{"ty":"gr","it":[{"ind":0,"ty":"sh","ix":1,"ks":{"a":0,"k":{"i":[[-0.879,1.953],[0,1.14],[4.264,0],[1.09,-0.602],[0.26,-1.823],[0.895,-2.571],[4.459,-3.125],[3.938,-1.465],[2.832,0],[0,6.38],[-3.955,6.657],[-6.364,4.867],[-4.948,0],[-0.798,-0.602],[-0.619,-1.465],[-0.521,-0.439],[-1.074,0],[-1.677,2.409],[0,1.986],[2.441,1.546],[4.199,0],[8.121,-5.143],[5.957,-8.919],[0,0],[0,-9.309],[-3.435,-3.385],[-5.827,0],[-10.905,8.073],[0.813,-3.743],[0,-0.554],[-1.482,-1.237],[-1.758,0],[-0.879,0.504],[-0.554,0.911],[-0.049,1.432],[0,3.743],[-0.781,4.509],[-0.781,2.67],[0,0]],"o":[[1.106,-2.571],[0,-2.897],[-1.855,0],[-1.091,0.603],[-0.456,3.093],[-0.896,2.572],[-4.46,3.125],[-3.939,1.465],[-5.469,0],[0,-6.055],[3.955,-6.657],[6.364,-4.866],[1.53,0],[0.797,0.603],[0.553,1.302],[0.52,0.439],[1.692,0],[1.676,-2.409],[0,-2.376],[-2.441,-1.546],[-8.105,0],[-8.122,5.144],[0,0],[-5.599,8.562],[0,5.892],[3.434,3.386],[8.626,0],[-0.488,2.67],[-0.912,4.199],[0,1.66],[1.481,1.237],[1.106,0],[0.879,-0.505],[0.553,-0.912],[0.049,-1.433],[0,-2.018],[0.781,-4.508],[0,0],[0.748,-2.766]],"v":[[69.287,-31.201],[70.947,-36.768],[64.551,-41.113],[60.132,-40.21],[58.105,-36.572],[56.079,-28.076],[48.047,-19.531],[35.449,-12.646],[25.293,-10.449],[17.09,-20.02],[23.022,-39.087],[38.501,-56.372],[55.469,-63.672],[58.96,-62.769],[61.084,-59.668],[62.695,-57.056],[65.088,-56.396],[70.142,-60.01],[72.656,-66.602],[68.994,-72.485],[59.033,-74.805],[34.692,-67.09],[13.574,-45.996],[13.574,-46.045],[5.176,-19.238],[10.327,-5.322],[24.219,-0.244],[53.516,-12.354],[51.563,-2.734],[50.195,4.395],[52.417,8.74],[57.275,10.596],[60.254,9.839],[62.402,7.715],[63.306,4.199],[63.379,-3.564],[64.551,-13.354],[66.895,-24.121],[66.846,-24.121]],"c":true},"ix":2},"nm":"G","mn":"ADBE Vector Shape - Group","hd":false}],"nm":"G","np":3,"cix":2,"bm":0,"ix":1,"mn":"ADBE Vector Group","hd":false}]},"fFamily":"Segoe Print"},{"ch":"R","size":190,"style":"Bold","w":72.71,"data":{"shapes":[{"ty":"gr","it":[{"ind":0,"ty":"sh","ix":1,"ks":{"a":0,"k":{"i":[[0,0],[0.227,-1.106],[1.123,-9.147],[0,-5.078],[-4.525,0],[-1.384,1.35],[0,1.172],[0.293,1.693],[0,2.116],[-0.912,7.015],[-1.091,5.876],[-0.342,0.814],[-0.244,0.212],[-2.654,0.521],[-4.33,0],[-2.361,-1.627],[0,-2.278],[5.631,-3.483],[2.083,0],[0.618,0.195],[0.553,0],[1.53,-1.155],[0,-1.595],[-3.451,0],[-6.185,-5.176],[-4.395,-3.499],[-2.409,-1.627],[-1.888,0],[-1.482,1.302],[0,1.302],[2.116,1.27],[11.588,9.375],[-4.15,4.33],[0,4.818],[4.215,3.435],[7.259,0],[9.602,-1.497],[0.911,0.13],[0.586,0],[1.595,-1.155],[0,-1.563],[-1.042,-1.627],[0,0]],"o":[[-0.163,0.879],[-1.53,6.934],[-1.123,9.148],[0,6.25],[1.627,0],[1.383,-1.35],[0,-1.237],[-0.326,-1.692],[0,-3.32],[0.911,-7.014],[1.09,-5.875],[0.342,-0.813],[0.244,-0.211],[2.653,-0.52],[3.645,0],[2.36,1.628],[0,4.558],[-5.632,3.484],[-0.261,0],[-0.652,-0.163],[-1.953,0],[-1.53,1.156],[0,3.418],[2.734,1.693],[0.684,0.684],[4.395,3.5],[2.409,1.627],[1.302,0],[1.481,-1.302],[0,-1.985],[-5.99,-3.516],[6.966,-2.766],[4.15,-4.329],[0,-5.045],[-4.216,-3.434],[-3.874,0],[-0.195,0],[-0.912,-0.098],[-1.302,0],[-1.595,1.156],[0,0.781],[0,0],[0,0]],"v":[[12.891,-55.322],[12.305,-52.344],[8.325,-28.223],[6.641,-6.885],[13.428,2.49],[17.944,0.464],[20.02,-3.32],[19.58,-7.715],[19.092,-13.428],[20.459,-28.931],[23.462,-48.267],[25.61,-58.301],[26.489,-59.839],[30.835,-60.938],[41.309,-61.719],[50.317,-59.277],[53.857,-53.418],[45.41,-41.357],[33.838,-36.133],[32.52,-36.426],[30.713,-36.67],[25.488,-34.937],[23.193,-30.811],[28.369,-25.684],[41.748,-15.381],[49.365,-9.106],[59.57,-1.416],[66.016,1.025],[70.19,-0.928],[72.412,-4.834],[69.238,-9.717],[42.871,-29.053],[59.546,-39.697],[65.771,-53.418],[59.448,-66.138],[42.236,-71.289],[22.021,-69.043],[20.361,-69.238],[18.115,-69.385],[13.77,-67.651],[11.377,-63.574],[12.939,-59.961],[13.574,-58.838]],"c":true},"ix":2},"nm":"R","mn":"ADBE Vector Shape - Group","hd":false}],"nm":"R","np":3,"cix":2,"bm":0,"ix":1,"mn":"ADBE Vector Group","hd":false}]},"fFamily":"Segoe Print"},{"ch":"A","size":190,"style":"Bold","w":77.54,"data":{"shapes":[{"ty":"gr","it":[{"ind":0,"ty":"sh","ix":1,"ks":{"a":0,"k":{"i":[[-1.27,0],[-0.945,0.293],[-6.071,1.237],[-1.758,0],[0,-0.13],[-2.263,-5.013],[-2.556,-2.864],[-2.474,0],[-1.302,1.221],[0,1.791],[0.374,0.586],[1.692,1.693],[3.369,7.536],[5.957,18.164],[0,1.27],[0.618,0.456],[2.766,0],[1.643,-2.197],[7.389,-13.477],[4.459,-6.803],[0,-1.27],[-1.643,-1.286],[-1.172,0],[-1.107,0.537],[-2.849,4.671],[-0.554,1.367]],"o":[[0.716,0],[3.678,-1.172],[6.071,-1.237],[0.163,0],[0,0.619],[2.262,5.013],[2.555,2.864],[1.79,0],[1.302,-1.221],[0,-0.977],[-0.375,-0.586],[-3.386,-3.385],[-3.369,-7.536],[0.227,-0.781],[0,-1.725],[-1.237,-1.432],[-1.726,0],[-1.644,2.197],[-3.679,6.673],[-8.171,12.435],[0,1.367],[1.643,1.286],[0.846,0],[1.106,-0.537],[2.848,-4.671],[0.684,0.586]],"v":[[22.656,-14.893],[25.146,-15.332],[39.771,-18.945],[51.514,-20.801],[51.758,-20.605],[55.151,-12.158],[62.378,-0.342],[69.922,3.955],[74.561,2.124],[76.514,-2.393],[75.952,-4.736],[72.852,-8.154],[62.72,-24.536],[48.73,-63.086],[49.072,-66.162],[48.145,-69.434],[42.139,-71.582],[37.085,-68.286],[23.535,-44.775],[11.328,-24.561],[-0.928,-4.004],[1.538,-0.024],[5.762,1.904],[8.691,1.099],[14.624,-6.714],[19.727,-15.771]],"c":true},"ix":2},"nm":"A","mn":"ADBE Vector Shape - Group","hd":false},{"ind":1,"ty":"sh","ix":2,"ks":{"a":0,"k":{"i":[[1.432,-0.293],[1.432,-0.163],[2.051,-0.358],[0,0],[-0.359,-1.074],[-0.781,-1.92]],"o":[[-5.859,1.205],[-2.148,0.293],[0,0],[0.13,0.293],[3.841,11.752],[-1.433,0.228]],"v":[[43.555,-29.932],[32.617,-27.881],[26.318,-26.904],[40.186,-53.271],[40.918,-51.221],[47.852,-30.713]],"c":true},"ix":2},"nm":"A","mn":"ADBE Vector Shape - Group","hd":false}],"nm":"A","np":5,"cix":2,"bm":0,"ix":1,"mn":"ADBE Vector Group","hd":false}]},"fFamily":"Segoe Print"},{"ch":"T","size":190,"style":"Bold","w":71.88,"data":{"shapes":[{"ty":"gr","it":[{"ind":0,"ty":"sh","ix":1,"ks":{"a":0,"k":{"i":[[-8.236,0],[-2.051,-0.163],[-0.912,0],[0,3.158],[1.27,1.384],[5.859,0],[10.156,-1.563],[9.375,0],[1.383,-0.879],[0,-1.66],[-1.302,-0.862],[-3.353,0],[-6.413,0.488],[-0.912,0],[1.302,-11.002],[0,-5.566],[-0.326,-2.539],[-1.644,-1.057],[-1.074,0],[-1.025,1.399],[0,1.758],[0.163,0.456],[0,2.474],[-1.091,9.994],[-0.228,1.205],[-0.293,0.261]],"o":[[2.734,0],[2.018,0.195],[2.799,0],[0,-1.367],[-1.27,-1.383],[-5.241,0],[-9.017,1.237],[-5.632,0],[-1.384,0.879],[0,1.855],[1.302,0.863],[1.041,0],[6.38,-0.488],[-0.261,0.228],[-1.302,11.003],[0,4.07],[0.325,2.539],[1.643,1.057],[1.595,0],[1.025,-1.399],[0,-0.586],[-0.586,-3.059],[0,-5.989],[1.09,-9.993],[0.227,-1.204],[3.157,-1.172]],"v":[[61.084,-59.668],[68.262,-59.424],[72.656,-59.131],[76.855,-63.867],[74.951,-67.993],[64.258,-70.068],[41.162,-67.725],[13.574,-65.869],[3.052,-64.551],[0.977,-60.742],[2.93,-56.665],[9.912,-55.371],[21.094,-56.104],[32.031,-56.836],[29.688,-39.99],[27.734,-15.137],[28.223,-5.225],[31.177,0.171],[35.254,1.758],[39.185,-0.342],[40.723,-5.078],[40.479,-6.641],[39.6,-14.941],[41.235,-38.916],[43.213,-55.713],[43.994,-57.91]],"c":true},"ix":2},"nm":"T","mn":"ADBE Vector Shape - Group","hd":false}],"nm":"T","np":3,"cix":2,"bm":0,"ix":1,"mn":"ADBE Vector Group","hd":false}]},"fFamily":"Segoe Print"},{"ch":"U","size":190,"style":"Bold","w":77.29,"data":{"shapes":[{"ty":"gr","it":[{"ind":0,"ty":"sh","ix":1,"ks":{"a":0,"k":{"i":[[-5.55,3.548],[-2.116,4.59],[-0.586,9.863],[-0.749,4.265],[0,2.605],[3.385,0],[1.481,-2.897],[0.781,-11.491],[0.325,-3.32],[0.163,-1.465],[3.157,-3.532],[8.268,0],[3.629,2.898],[0,8.301],[-0.961,6.332],[-0.391,1.628],[0,0.684],[1.221,1.839],[1.172,0],[1.139,-1.807],[0.455,-3.58],[0.391,-2.246],[0.227,-1.53],[0,0],[0,-3.092],[-2.507,-5.225],[-4.769,-2.18],[-3.353,0]],"o":[[5.55,-3.548],[2.116,-4.59],[0.26,-4.102],[1.27,-7.096],[0,-4.395],[-2.734,0],[-1.482,2.898],[-0.228,3.027],[-0.228,1.302],[-0.879,8.008],[-3.158,3.532],[-2.507,0],[-3.63,-2.897],[0,-2.246],[0.96,-6.331],[1.563,-6.477],[0,-0.977],[-1.221,-1.839],[-2.377,0],[-1.14,1.807],[-0.293,2.084],[-0.261,1.465],[0,0],[-0.912,5.078],[0,6.055],[2.506,5.225],[4.768,2.18],[7.91,0]],"v":[[55.103,-2.051],[66.602,-14.258],[70.654,-35.938],[72.168,-48.486],[74.072,-63.037],[68.994,-69.629],[62.671,-65.283],[59.277,-43.701],[58.447,-34.18],[57.861,-30.029],[51.807,-12.72],[34.668,-7.422],[25.464,-11.768],[20.02,-28.564],[21.46,-41.431],[23.486,-53.369],[25.83,-64.111],[23.999,-68.335],[20.41,-71.094],[15.137,-68.384],[12.744,-60.303],[11.719,-53.809],[10.986,-49.316],[9.424,-40.283],[8.057,-28.027],[11.816,-11.108],[22.729,0],[34.912,3.271]],"c":true},"ix":2},"nm":"U","mn":"ADBE Vector Shape - Group","hd":false}],"nm":"U","np":3,"cix":2,"bm":0,"ix":1,"mn":"ADBE Vector Group","hd":false}]},"fFamily":"Segoe Print"},{"ch":"L","size":190,"style":"Bold","w":62.74,"data":{"shapes":[{"ty":"gr","it":[{"ind":0,"ty":"sh","ix":1,"ks":{"a":0,"k":{"i":[[-1.742,1.318],[0,2.181],[1.009,1.058],[1.79,0],[0.977,-0.227],[7.617,-0.358],[2.604,-0.423],[1.237,0],[0,0.945],[-1.53,12.956],[-0.847,4.558],[0,1.237],[1.172,1.172],[1.563,0],[1.139,-0.911],[0.276,-1.139],[0.358,-3.841],[0,0],[0.748,-2.995],[0,-0.586],[-1.107,-1.563],[-1.986,0],[-3.451,1.106],[-8.887,0],[-1.921,-0.163],[-0.781,0]],"o":[[1.741,-1.318],[0,-1.465],[-1.009,-1.057],[-0.456,0],[-3.06,0.749],[-2.67,0.13],[-5.566,0.879],[-0.326,0],[0,-0.748],[1.53,-12.955],[0.586,-3.19],[0,-1.367],[-1.172,-1.172],[-1.953,0],[-1.14,0.912],[-0.277,1.14],[0,0],[-0.456,3.841],[-0.586,2.409],[0,1.433],[1.106,1.563],[1.465,0],[8.366,-2.637],[0.911,0],[1.92,0.195],[2.213,0]],"v":[[59.985,-4.321],[62.598,-9.57],[61.084,-13.354],[56.885,-14.941],[54.736,-14.6],[38.721,-12.939],[30.811,-12.109],[20.605,-10.791],[20.117,-12.207],[22.412,-32.764],[25.977,-59.033],[26.855,-65.674],[25.098,-69.482],[20.996,-71.24],[16.357,-69.873],[14.233,-66.797],[13.281,-59.326],[8.887,-18.848],[7.08,-8.594],[6.201,-4.102],[7.861,0.391],[12.5,2.734],[19.873,1.074],[45.752,-2.881],[50,-2.637],[54.053,-2.344]],"c":true},"ix":2},"nm":"L","mn":"ADBE Vector Shape - Group","hd":false}],"nm":"L","np":3,"cix":2,"bm":0,"ix":1,"mn":"ADBE Vector Group","hd":false}]},"fFamily":"Segoe Print"},{"ch":"I","size":190,"style":"Bold","w":31.49,"data":{"shapes":[{"ty":"gr","it":[{"ind":0,"ty":"sh","ix":1,"ks":{"a":0,"k":{"i":[[0,0],[0.993,1.53],[1.888,0],[1.465,-0.928],[0.569,-0.83],[0.391,-3.548],[0.553,-2.799],[0,0],[0,-3.059],[-0.977,-2.002],[-2.312,0],[-1.628,1.383],[0.391,3.027],[0,4.297],[-1.074,6.966],[0,0.945],[-0.716,2.962]],"o":[[0,-2.213],[-0.993,-1.53],[-0.749,0],[-1.465,0.928],[-0.57,0.83],[-0.261,2.409],[0,0],[-1.53,11.523],[0,4.948],[0.977,2.002],[1.627,0],[1.627,-1.383],[-0.521,-4.166],[0,-2.539],[0.651,-3.906],[0.195,-1.758],[0,0]],"v":[[27.686,-63.33],[26.196,-68.945],[21.875,-71.24],[18.555,-69.849],[15.503,-67.212],[14.063,-60.645],[12.842,-52.832],[10.156,-33.74],[7.861,-11.865],[9.326,-1.44],[14.258,1.563],[19.141,-0.513],[20.996,-7.129],[20.215,-19.824],[21.826,-34.082],[22.803,-41.357],[24.17,-48.438]],"c":true},"ix":2},"nm":"I","mn":"ADBE Vector Shape - Group","hd":false}],"nm":"I","np":3,"cix":2,"bm":0,"ix":1,"mn":"ADBE Vector Group","hd":false}]},"fFamily":"Segoe Print"}]}